DE 16 a 27,SRP
AT1G01060,AT2G32690
AT1G01070,AT4G25500
AT1G01120,AT1G04800
AT1G01170,AT1G17130
AT1G01190,AT2G16600
AT1G01240,AT4G08350
AT1G01430,AT1G60170
AT1G01790,AT3G57290
AT1G01900,AT2G18740
AT1G01970,AT2G24590
AT1G02205,AT3G12580
AT1G02460,AT2G37340
AT1G02610,AT1G07350
AT1G02800,AT1G07350
AT1G02930,AT1G55310
AT1G03310,AT1G51380
AT1G03420,AT1G21190
AT1G03475,AT1G76300
AT1G03650,AT1G09660
AT1G03860,AT1G23860
AT1G03870,AT1G45332
AT1G04040,AT5G42020
AT1G04110,AT3G49430
AT1G04270,AT4G12600
AT1G04280,AT3G52380
AT1G04350,AT5G02500
AT1G04430,AT5G52040
AT1G04620,AT2G23350
AT1G04680,AT5G14610
AT1G04710,AT2G45030
AT1G04800,AT3G01540
AT1G04820,AT4G38740
AT1G04900,AT3G56070
AT1G04980,AT5G54900
AT1G05560,AT2G46610
AT1G05570,AT3G07860
AT1G06360,AT1G09140
AT1G06560,AT2G30000
AT1G06620,
AT1G06640,
AT1G06690,
AT1G06820,
AT1G06950,
AT1G07110,
AT1G07140,
AT1G07180,
AT1G07210,
AT1G07350,
AT1G07420,
AT1G07440,
AT1G07610,
AT1G07700,
AT1G07780,
AT1G07930,
AT1G08110,
AT1G08200,
AT1G08550,
AT1G08640,
AT1G08830,
AT1G08840,
AT1G08890,
AT1G08920,
AT1G09140,
AT1G09190,
AT1G09210,
AT1G09240,
AT1G09300,
AT1G09350,
AT1G09600,
AT1G09660,
AT1G09780,
AT1G09932,
AT1G10030,
AT1G10060,
AT1G10170,
AT1G10230,
AT1G10270,
AT1G10370,
AT1G10510,
AT1G10522,
AT1G10640,
AT1G10657,
AT1G10682,
AT1G10760,
AT1G10920,
AT1G10960,
AT1G11130,
AT1G11180,
AT1G11210,
AT1G11410,
AT1G11430,
AT1G11475,
AT1G11850,
AT1G11910,
AT1G11950,
AT1G12210,
AT1G12230,
AT1G12520,
AT1G12710,
AT1G12750,
AT1G12780,
AT1G12845,
AT1G12860,
AT1G12900,
AT1G12910,
AT1G13090,
AT1G13110,
AT1G13170,
AT1G13210,
AT1G13410,
AT1G13650,
AT1G13700,
AT1G13750,
AT1G13790,
AT1G13810,
AT1G13950,
AT1G14040,
AT1G14120,
AT1G14170,
AT1G14230,
AT1G14270,
AT1G14300,
AT1G14350,
AT1G14360,
AT1G14400,
AT1G14520,
AT1G14580,
AT1G14685,
AT1G14890,
AT1G14900,
AT1G14980,
AT1G15000,
AT1G15030,
AT1G15250,
AT1G15300,
AT1G15390,
AT1G15440,
AT1G15510,
AT1G15790,
AT1G15820,
AT1G15870,
AT1G16000,
AT1G16080,
AT1G16350,
AT1G16390,
AT1G16400,
AT1G16470,
AT1G16720,
AT1G16780,
AT1G17100,
AT1G17130,
AT1G17190,
AT1G17220,
AT1G17420,
AT1G17455,
AT1G17460,
AT1G17650,
AT1G17850,
AT1G17880,
AT1G18020,
AT1G18060,
AT1G18150,
AT1G18170,
AT1G18265,
AT1G18360,
AT1G18500,
AT1G18590,
AT1G18620,
AT1G18745,
AT1G18810,
AT1G18870,
AT1G19050,
AT1G19150,
AT1G19180,
AT1G19200,
AT1G19220,
AT1G19330,
AT1G19660,
AT1G19670,
AT1G19880,
AT1G19960,
AT1G20010,
AT1G20030,
AT1G20190,
AT1G20230,
AT1G20340,
AT1G20620,
AT1G20693,
AT1G20696,
AT1G20810,
AT1G20840,
AT1G20850,
AT1G20950,
AT1G21130,
AT1G21190,
AT1G21310,
AT1G21350,
AT1G21460,
AT1G21540,
AT1G21590,
AT1G21650,
AT1G21680,
AT1G21945,
AT1G22370,
AT1G22400,
AT1G22530,
AT1G22770,
AT1G22780,
AT1G22885,
AT1G22940,
AT1G23080,
AT1G23100,
AT1G23130,
AT1G23205,
AT1G23280,
AT1G23400,
AT1G23740,
AT1G23820,
AT1G23860,
AT1G23950,
AT1G23970,
AT1G24100,
AT1G24148,
AT1G24170,
AT1G24180,
AT1G24340,
AT1G24490,
AT1G24510,
AT1G25440,
AT1G26560,
AT1G26740,
AT1G26920,
AT1G27030,
AT1G27385,
AT1G27450,
AT1G27480,
AT1G27760,
AT1G27950,
AT1G28140,
AT1G28210,
AT1G28400,
AT1G28440,
AT1G28660,
AT1G28670,
AT1G29030,
AT1G29310,
AT1G29395,
AT1G29418,
AT1G29465,
AT1G29700,
AT1G29720,
AT1G29820,
AT1G29880,
AT1G29900,
AT1G29920,
AT1G29930,
AT1G29940,
AT1G30210,
AT1G30250,
AT1G30280,
AT1G30330,
AT1G30360,
AT1G30680,
AT1G30910,
AT1G31173,
AT1G31230,
AT1G31430,
AT1G31580,
AT1G31690,
AT1G31790,
AT1G32070,
AT1G32080,
AT1G32230,
AT1G32470,
AT1G32540,
AT1G32580,
AT1G32640,
AT1G33230,
AT1G33410,
AT1G33811,
AT1G34000,
AT1G34160,
AT1G34380,
AT1G34760,
AT1G35320,
AT1G35612,
AT1G35710,
AT1G36320,
AT1G36390,
AT1G37130,
AT1G42440,
AT1G42550,
AT1G44000,
AT1G44446,
AT1G44800,
AT1G45201,
AT1G45332,
AT1G45474,
AT1G47128,
AT1G47520,
AT1G47530,
AT1G48030,
AT1G48100,
AT1G48460,
AT1G48480,
AT1G48570,
AT1G48600,
AT1G48850,
AT1G49470,
AT1G49480,
AT1G49500,
AT1G49630,
AT1G49650,
AT1G49660,
AT1G49720,
AT1G49740,
AT1G50010,
AT1G50460,
AT1G50840,
AT1G51060,
AT1G51080,
AT1G51100,
AT1G51310,
AT1G51380,
AT1G51610,
AT1G51805,
AT1G51940,
AT1G52000,
AT1G52200,
AT1G52230,
AT1G52280,
AT1G52342,
AT1G52870,
AT1G53035,
AT1G53280,
AT1G53310,
AT1G53440,
AT1G53500,
AT1G53560,
AT1G53590,
AT1G53600,
AT1G54040,
AT1G54130,
AT1G54217,
AT1G54410,
AT1G54740,
AT1G54820,
AT1G55260,
AT1G55310,
AT1G55320,
AT1G55330,
AT1G55360,
AT1G55480,
AT1G55850,
AT1G56145,
AT1G56190,
AT1G56220,
AT1G56280,
AT1G56340,
AT1G56450,
AT1G56650,
AT1G57870,
AT1G58200,
AT1G58270,
AT1G58290,
AT1G58370,
AT1G58440,
AT1G58807,
AT1G58848,
AT1G59218,
AT1G59600,
AT1G59990,
AT1G60140,
AT1G60160,
AT1G60170,
AT1G60260,
AT1G60730,
AT1G60790,
AT1G60850,
AT1G60950,
AT1G60960,
AT1G60990,
AT1G61300,
AT1G61400,
AT1G61570,
AT1G61740,
AT1G62180,
AT1G62390,
AT1G62510,
AT1G62640,
AT1G62710,
AT1G62780,
AT1G62800,
AT1G62960,
AT1G63090,
AT1G63660,
AT1G63670,
AT1G63680,
AT1G63780,
AT1G63810,
AT1G63850,
AT1G64090,
AT1G64150,
AT1G64200,
AT1G64220,
AT1G64230,
AT1G64360,
AT1G64370,
AT1G64390,
AT1G64600,
AT1G64680,
AT1G64720,
AT1G64740,
AT1G64770,
AT1G64780,
AT1G64860,
AT1G64900,
AT1G64950,
AT1G65032,
AT1G65070,
AT1G65190,
AT1G65310,
AT1G65370,
AT1G65490,
AT1G65560,
AT1G65800,
AT1G65840,
AT1G65890,
AT1G66060,
AT1G66100,
AT1G66430,
AT1G66520,
AT1G66540,
AT1G66760,
AT1G66880,
AT1G66900,
AT1G66910,
AT1G66970,
AT1G67090,
AT1G67120,
AT1G67325,
AT1G67700,
AT1G67850,
AT1G67865,
AT1G68010,
AT1G68050,
AT1G68060,
AT1G68190,
AT1G68520,
AT1G68560,
AT1G68660,
AT1G68730,
AT1G68930,
AT1G68990,
AT1G69160,
AT1G69200,
AT1G69210,
AT1G69410,
AT1G69510,
AT1G69720,
AT1G69770,
AT1G69830,
AT1G70000,
AT1G70060,
AT1G70090,
AT1G70290,
AT1G70420,
AT1G70560,
AT1G70610,
AT1G70630,
AT1G70700,
AT1G70830,
AT1G70980,
AT1G71020,
AT1G71030,
AT1G71140,
AT1G71260,
AT1G71528,
AT1G71697,
AT1G71850,
AT1G72040,
AT1G72090,
AT1G72140,
AT1G72330,
AT1G72430,
AT1G72610,
AT1G72700,
AT1G72730,
AT1G72750,
AT1G72800,
AT1G72940,
AT1G73325,
AT1G73330,
AT1G73480,
AT1G73600,
AT1G73805,
AT1G73830,
AT1G74070,
AT1G74090,
AT1G74100,
AT1G74260,
AT1G74310,
AT1G74320,
AT1G74430,
AT1G74470,
AT1G74560,
AT1G74710,
AT1G74720,
AT1G74730,
AT1G74790,
AT1G74890,
AT1G75040,
AT1G75166,
AT1G75220,
AT1G75250,
AT1G75270,
AT1G75330,
AT1G75370,
AT1G75640,
AT1G75710,
AT1G75820,
AT1G75900,
AT1G75960,
AT1G75990,
AT1G76080,
AT1G76180,
AT1G76300,
AT1G76450,
AT1G76790,
AT1G76930,
AT1G76955,
AT1G76960,
AT1G77060,
AT1G77080,
AT1G77610,
AT1G77670,
AT1G77930,
AT1G77940,
AT1G78020,
AT1G78040,
AT1G78060,
AT1G78070,
AT1G78080,
AT1G78170,
AT1G78240,
AT1G78570,
AT1G78600,
AT1G78630,
AT1G78680,
AT1G78750,
AT1G78820,
AT1G78860,
AT1G78870,
AT1G78930,
AT1G79410,
AT1G79440,
AT1G79560,
AT1G79700,
AT1G80150,
AT1G80300,
AT1G80480,
AT1G80780,
AT1G80810,
AT2G01100,
AT2G01290,
AT2G01420,
AT2G01730,
AT2G02010,
AT2G02080,
AT2G02100,
AT2G02740,
AT2G03310,
AT2G03390,
AT2G03620,
AT2G03980,
AT2G04030,
AT2G04039,
AT2G04160,
AT2G04350,
AT2G04530,
AT2G04650,
AT2G04690,
AT2G04790,
AT2G05070,
AT2G05100,
AT2G05310,
AT2G05380,
AT2G05520,
AT2G05765,
AT2G05920,
AT2G06025,
AT2G06050,
AT2G06925,
AT2G06950,
AT2G07599,
AT2G07667,
AT2G07671,
AT2G07677,
AT2G07678,
AT2G07689,
AT2G07697,
AT2G07698,
AT2G07706,
AT2G07707,
AT2G07709,
AT2G07712,
AT2G07715,
AT2G07718,
AT2G07719,
AT2G07733,
AT2G07734,
AT2G07747,
AT2G07771,
AT2G07776,
AT2G07779,
AT2G07808,
AT2G07811,
AT2G10410,
AT2G11890,
AT2G13360,
AT2G13600,
AT2G13610,
AT2G13650,
AT2G14260,
AT2G14520,
AT2G15000,
AT2G15020,
AT2G15090,
AT2G15390,
AT2G15580,
AT2G15690,
AT2G15820,
AT2G15830,
AT2G15880,
AT2G15890,
AT2G15960,
AT2G15970,
AT2G16365,
AT2G16430,
AT2G16500,
AT2G16600,
AT2G16780,
AT2G16990,
AT2G17033,
AT2G17040,
AT2G17240,
AT2G17450,
AT2G17500,
AT2G17550,
AT2G17560,
AT2G17670,
AT2G17760,
AT2G18300,
AT2G18630,
AT2G18700,
AT2G18740,
AT2G18750,
AT2G18890,
AT2G18900,
AT2G19310,
AT2G19480,
AT2G19670,
AT2G20020,
AT2G20560,
AT2G20723,
AT2G20750,
AT2G20870,
AT2G21140,
AT2G21160,
AT2G21170,
AT2G21280,
AT2G21340,
AT2G21440,
AT2G21520,
AT2G21620,
AT2G21640,
AT2G21710,
AT2G21790,
AT2G22070,
AT2G22122,
AT2G22125,
AT2G22190,
AT2G22240,
AT2G22360,
AT2G22450,
AT2G22870,
AT2G22910,
AT2G22980,
AT2G23130,
AT2G23350,
AT2G23380,
AT2G23600,
AT2G24090,
AT2G24120,
AT2G24280,
AT2G24590,
AT2G24762,
AT2G25080,
AT2G25110,
AT2G25430,
AT2G25510,
AT2G25735,
AT2G25840,
AT2G25900,
AT2G26230,
AT2G26250,
AT2G26560,
AT2G26730,
AT2G26740,
AT2G26780,
AT2G27050,
AT2G27385,
AT2G27420,
AT2G27530,
AT2G27920,
AT2G27950,
AT2G28190,
AT2G28210,
AT2G28550,
AT2G28560,
AT2G28605,
AT2G28720,
AT2G28790,
AT2G29090,
AT2G29260,
AT2G29300,
AT2G29310,
AT2G29450,
AT2G29570,
AT2G29630,
AT2G29650,
AT2G29760,
AT2G29970,
AT2G29980,
AT2G30000,
AT2G30010,
AT2G30040,
AT2G30150,
AT2G30424,
AT2G30520,
AT2G30600,
AT2G30620,
AT2G31040,
AT2G31060,
AT2G31360,
AT2G31560,
AT2G31570,
AT2G31660,
AT2G31730,
AT2G31740,
AT2G31750,
AT2G31790,
AT2G31810,
AT2G31840,
AT2G31890,
AT2G31902,
AT2G31970,
AT2G32010,
AT2G32150,
AT2G32160,
AT2G32180,
AT2G32290,
AT2G32440,
AT2G32500,
AT2G32530,
AT2G32560,
AT2G32640,
AT2G32650,
AT2G32680,
AT2G32690,
AT2G32870,
AT2G32920,
AT2G33210,
AT2G33250,
AT2G33570,
AT2G33770,
AT2G33830,
AT2G33850,
AT2G34260,
AT2G34357,
AT2G34430,
AT2G34460,
AT2G34640,
AT2G34810,
AT2G34930,
AT2G35040,
AT2G35240,
AT2G35450,
AT2G35500,
AT2G35744,
AT2G35820,
AT2G35840,
AT2G35960,
AT2G36145,
AT2G36250,
AT2G36320,
AT2G36380,
AT2G36390,
AT2G36400,
AT2G36470,
AT2G36590,
AT2G36830,
AT2G36835,
AT2G36895,
AT2G36950,
AT2G36990,
AT2G37040,
AT2G37050,
AT2G37180,
AT2G37230,
AT2G37310,
AT2G37340,
AT2G37400,
AT2G37460,
AT2G37510,
AT2G37540,
AT2G37690,
AT2G37710,
AT2G37790,
AT2G37940,
AT2G38140,
AT2G38280,
AT2G38290,
AT2G38310,
AT2G38550,
AT2G38740,
AT2G38870,
AT2G39010,
AT2G39030,
AT2G39230,
AT2G39310,
AT2G39330,
AT2G39390,
AT2G39570,
AT2G39770,
AT2G39795,
AT2G39850,
AT2G39920,
AT2G40020,
AT2G40100,
AT2G40360,
AT2G40475,
AT2G40490,
AT2G40670,
AT2G40820,
AT2G40880,
AT2G40920,
AT2G40940,
AT2G41050,
AT2G41220,
AT2G41560,
AT2G41640,
AT2G41680,
AT2G41720,
AT2G41870,
AT2G42190,
AT2G42220,
AT2G42530,
AT2G42540,
AT2G42600,
AT2G42690,
AT2G42710,
AT2G42840,
AT2G42880,
AT2G42920,
AT2G43010,
AT2G43100,
AT2G43150,
AT2G43510,
AT2G43560,
AT2G43570,
AT2G43590,
AT2G43680,
AT2G43750,
AT2G43800,
AT2G43920,
AT2G43970,
AT2G44180,
AT2G44230,
AT2G44290,
AT2G44490,
AT2G44640,
AT2G44740,
AT2G44760,
AT2G44900,
AT2G45030,
AT2G45160,
AT2G45240,
AT2G45290,
AT2G45300,
AT2G45440,
AT2G45560,
AT2G45660,
AT2G45680,
AT2G45740,
AT2G45850,
AT2G45960,
AT2G46250,
AT2G46550,
AT2G46600,
AT2G46610,
AT2G46720,
AT2G46830,
AT2G46915,
AT2G47240,
AT2G47300,
AT2G47450,
AT2G47590,
AT2G47730,
AT2G47880,
AT2G47910,
AT2G47940,
AT2G47990,
AT2G48020,
AT2G48120,
AT3G01060,
AT3G01310,
AT3G01370,
AT3G01480,
AT3G01500,
AT3G01510,
AT3G01540,
AT3G01550,
AT3G01790,
AT3G01820,
AT3G01930,
AT3G01960,
AT3G02010,
AT3G02020,
AT3G02060,
AT3G02180,
AT3G02230,
AT3G02250,
AT3G02330,
AT3G02720,
AT3G02750,
AT3G02780,
AT3G02790,
AT3G02830,
AT3G02870,
AT3G02910,
AT3G03060,
AT3G03130,
AT3G03450,
AT3G03470,
AT3G03560,
AT3G03630,
AT3G03870,
AT3G03890,
AT3G04230,
AT3G04290,
AT3G04340,
AT3G04605,
AT3G04720,
AT3G04770,
AT3G04780,
AT3G04840,
AT3G04910,
AT3G04960,
AT3G05165,
AT3G05500,
AT3G05660,
AT3G05727,
AT3G05730,
AT3G05800,
AT3G06035,
AT3G06070,
AT3G06430,
AT3G06470,
AT3G06483,
AT3G06530,
AT3G06550,
AT3G06720,
AT3G06730,
AT3G06790,
AT3G06860,
AT3G06920,
AT3G06950,
AT3G07170,
AT3G07320,
AT3G07460,
AT3G07470,
AT3G07770,
AT3G07860,
AT3G08000,
AT3G08510,
AT3G08590,
AT3G08740,
AT3G08940,
AT3G09210,
AT3G09440,
AT3G09650,
AT3G09735,
AT3G10050,
AT3G10130,
AT3G10150,
AT3G10360,
AT3G10410,
AT3G10420,
AT3G10450,
AT3G10530,
AT3G10720,
AT3G10850,
AT3G10940,
AT3G10985,
AT3G11120,
AT3G11170,
AT3G11210,
AT3G11630,
AT3G11700,
AT3G11750,
AT3G11800,
AT3G11930,
AT3G11945,
AT3G12080,
AT3G12120,
AT3G12490,
AT3G12580,
AT3G12770,
AT3G12920,
AT3G13040,
AT3G13080,
AT3G13160,
AT3G13225,
AT3G13330,
AT3G13470,
AT3G13560,
AT3G13580,
AT3G13690,
AT3G13810,
AT3G13860,
AT3G13880,
AT3G13940,
AT3G14120,
AT3G14210,
AT3G14240,
AT3G14390,
AT3G14415,
AT3G14420,
AT3G14595,
AT3G14620,
AT3G14790,
AT3G14920,
AT3G14940,
AT3G15000,
AT3G15140,
AT3G15356,
AT3G15357,
AT3G15590,
AT3G15630,
AT3G15840,
AT3G15950,
AT3G16000,
AT3G16050,
AT3G16150,
AT3G16170,
AT3G16240,
AT3G16250,
AT3G16290,
AT3G16420,
AT3G16520,
AT3G16630,
AT3G16670,
AT3G16770,
AT3G16830,
AT3G16910,
AT3G17040,
AT3G17070,
AT3G17240,
AT3G17465,
AT3G17860,
AT3G17998,
AT3G18080,
AT3G18215,
AT3G18420,
AT3G18500,
AT3G18600,
AT3G18610,
AT3G18680,
AT3G18750,
AT3G18760,
AT3G18870,
AT3G18890,
AT3G19000,
AT3G19010,
AT3G19508,
AT3G19553,
AT3G19620,
AT3G19710,
AT3G19800,
AT3G19810,
AT3G19930,
AT3G20330,
AT3G20440,
AT3G20540,
AT3G20810,
AT3G20820,
AT3G21200,
AT3G21300,
AT3G21670,
AT3G21740,
AT3G21760,
AT3G21790,
AT3G22110,
AT3G22120,
AT3G22142,
AT3G22150,
AT3G22200,
AT3G22235,
AT3G22420,
AT3G22440,
AT3G22450,
AT3G22690,
AT3G22840,
AT3G22880,
AT3G23020,
AT3G23080,
AT3G23280,
AT3G23400,
AT3G23580,
AT3G23730,
AT3G23810,
AT3G23870,
AT3G23940,
AT3G23990,
AT3G24000,
AT3G24100,
AT3G24170,
AT3G24190,
AT3G24350,
AT3G24420,
AT3G24460,
AT3G24500,
AT3G24840,
AT3G25690,
AT3G25770,
AT3G25920,
AT3G26030,
AT3G26170,
AT3G26200,
AT3G26290,
AT3G26450,
AT3G26510,
AT3G26520,
AT3G26580,
AT3G26630,
AT3G26650,
AT3G26710,
AT3G26744,
AT3G26900,
AT3G27060,
AT3G27280,
AT3G27350,
AT3G27690,
AT3G27820,
AT3G27870,
AT3G28007,
AT3G28170,
AT3G28220,
AT3G28270,
AT3G28290,
AT3G28300,
AT3G28310,
AT3G28700,
AT3G28930,
AT3G29130,
AT3G29230,
AT3G29290,
AT3G29320,
AT3G29390,
AT3G29575,
AT3G29590,
AT3G30180,
AT3G30214,
AT3G32895,
AT3G32930,
AT3G33000,
AT3G42806,
AT3G43230,
AT3G43440,
AT3G43600,
AT3G43654,
AT3G44310,
AT3G44430,
AT3G44720,
AT3G44750,
AT3G44880,
AT3G44890,
AT3G44970,
AT3G45140,
AT3G45260,
AT3G45600,
AT3G45680,
AT3G45970,
AT3G45980,
AT3G46530,
AT3G46540,
AT3G46640,
AT3G46740,
AT3G46790,
AT3G46870,
AT3G47160,
AT3G47295,
AT3G47340,
AT3G47350,
AT3G47420,
AT3G47430,
AT3G47470,
AT3G47500,
AT3G47550,
AT3G47620,
AT3G47800,
AT3G47960,
AT3G48090,
AT3G48250,
AT3G48280,
AT3G48310,
AT3G48420,
AT3G48500,
AT3G48560,
AT3G48670,
AT3G48690,
AT3G48830,
AT3G48990,
AT3G49140,
AT3G49142,
AT3G49170,
AT3G49220,
AT3G49240,
AT3G49320,
AT3G49430,
AT3G49500,
AT3G49680,
AT3G49725,
AT3G49740,
AT3G50210,
AT3G50420,
AT3G50550,
AT3G50660,
AT3G50700,
AT3G50820,
AT3G50840,
AT3G50910,
AT3G50920,
AT3G51240,
AT3G51420,
AT3G51600,
AT3G51820,
AT3G51870,
AT3G52140,
AT3G52170,
AT3G52340,
AT3G52380,
AT3G52720,
AT3G52750,
AT3G52840,
AT3G52930,
AT3G52990,
AT3G53220,
AT3G53360,
AT3G53370,
AT3G53420,
AT3G53530,
AT3G53540,
AT3G53560,
AT3G53610,
AT3G53630,
AT3G53990,
AT3G54030,
AT3G54050,
AT3G54090,
AT3G54140,
AT3G54260,
AT3G54400,
AT3G54500,
AT3G54650,
AT3G54660,
AT3G54830,
AT3G54890,
AT3G54960,
AT3G54970,
AT3G55010,
AT3G55120,
AT3G55250,
AT3G55330,
AT3G55450,
AT3G55480,
AT3G55485,
AT3G55520,
AT3G55580,
AT3G55630,
AT3G55800,
AT3G56000,
AT3G56010,
AT3G56070,
AT3G56080,
AT3G56090,
AT3G56160,
AT3G56170,
AT3G56220,
AT3G56240,
AT3G56330,
AT3G56360,
AT3G56580,
AT3G56650,
AT3G56940,
AT3G56960,
AT3G57030,
AT3G57190,
AT3G57290,
AT3G57350,
AT3G57780,
AT3G57940,
AT3G58180,
AT3G58520,
AT3G58680,
AT3G58830,
AT3G58930,
AT3G59010,
AT3G59060,
AT3G59100,
AT3G59250,
AT3G59400,
AT3G59820,
AT3G59890,
AT3G60070,
AT3G60160,
AT3G60290,
AT3G60320,
AT3G60420,
AT3G60880,
AT3G60910,
AT3G60960,
AT3G61100,
AT3G61220,
AT3G61310,
AT3G61780,
AT3G61920,
AT3G62410,
AT3G62550,
AT3G62600,
AT3G62700,
AT3G62740,
AT3G62950,
AT3G63160,
AT3G63200,
AT4G00050,
AT4G00165,
AT4G00340,
AT4G00360,
AT4G00490,
AT4G00620,
AT4G00755,
AT4G00780,
AT4G00880,
AT4G00895,
AT4G01037,
AT4G01050,
AT4G01070,
AT4G01080,
AT4G01310,
AT4G01320,
AT4G01450,
AT4G01460,
AT4G01690,
AT4G01940,
AT4G02130,
AT4G02750,
AT4G02850,
AT4G02930,
AT4G02990,
AT4G03080,
AT4G03560,
AT4G04020,
AT4G04180,
AT4G04210,
AT4G04330,
AT4G04340,
AT4G04409,
AT4G04410,
AT4G04610,
AT4G04620,
AT4G04692,
AT4G04850,
AT4G04970,
AT4G05090,
AT4G05390,
AT4G05440,
AT4G06534,
AT4G08290,
AT4G08300,
AT4G08350,
AT4G08920,
AT4G08950,
AT4G09020,
AT4G09670,
AT4G09730,
AT4G10120,
AT4G10340,
AT4G10750,
AT4G10960,
AT4G11320,
AT4G11330,
AT4G11460,
AT4G11600,
AT4G11890,
AT4G11960,
AT4G12120,
AT4G12290,
AT4G12320,
AT4G12390,
AT4G12400,
AT4G12470,
AT4G12600,
AT4G12720,
AT4G12910,
AT4G12980,
AT4G13170,
AT4G13410,
AT4G13460,
AT4G13495,
AT4G13510,
AT4G13575,
AT4G13590,
AT4G13640,
AT4G13720,
AT4G13750,
AT4G13930,
AT4G14430,
AT4G14550,
AT4G14560,
AT4G14605,
AT4G14615,
AT4G14660,
AT4G14680,
AT4G14690,
AT4G14710,
AT4G14716,
AT4G14760,
AT4G14900,
AT4G14960,
AT4G15130,
AT4G15210,
AT4G15430,
AT4G15510,
AT4G15530,
AT4G15540,
AT4G15545,
AT4G15550,
AT4G15640,
AT4G15800,
AT4G15920,
AT4G16000,
AT4G16141,
AT4G16520,
AT4G16590,
AT4G16660,
AT4G16940,
AT4G16980,
AT4G17090,
AT4G17140,
AT4G17340,
AT4G17610,
AT4G17810,
AT4G17870,
AT4G17880,
AT4G18270,
AT4G18390,
AT4G18480,
AT4G18520,
AT4G18810,
AT4G18840,
AT4G19110,
AT4G19120,
AT4G19130,
AT4G19160,
AT4G19170,
AT4G19380,
AT4G19430,
AT4G19450,
AT4G19530,
AT4G19710,
AT4G20010,
AT4G20020,
AT4G20320,
AT4G20360,
AT4G20720,
AT4G21140,
AT4G21215,
AT4G21850,
AT4G21860,
AT4G21870,
AT4G21880,
AT4G21990,
AT4G22010,
AT4G22485,
AT4G22490,
AT4G22513,
AT4G22517,
AT4G22540,
AT4G22880,
AT4G23020,
AT4G23200,
AT4G23260,
AT4G23400,
AT4G23500,
AT4G23630,
AT4G23650,
AT4G23670,
AT4G23680,
AT4G23850,
AT4G23895,
AT4G23990,
AT4G24140,
AT4G24175,
AT4G24190,
AT4G24280,
AT4G24450,
AT4G24800,
AT4G24830,
AT4G25080,
AT4G25100,
AT4G25450,
AT4G25500,
AT4G25740,
AT4G26070,
AT4G26110,
AT4G26150,
AT4G26510,
AT4G26520,
AT4G26530,
AT4G26600,
AT4G26780,
AT4G26790,
AT4G26850,
AT4G26860,
AT4G27010,
AT4G27030,
AT4G27280,
AT4G27340,
AT4G27440,
AT4G27560,
AT4G27585,
AT4G27595,
AT4G27600,
AT4G27640,
AT4G27700,
AT4G27720,
AT4G27820,
AT4G27830,
AT4G27870,
AT4G27960,
AT4G28100,
AT4G28210,
AT4G28260,
AT4G28390,
AT4G28450,
AT4G28510,
AT4G28550,
AT4G28590,
AT4G28610,
AT4G28780,
AT4G28860,
AT4G29010,
AT4G29050,
AT4G29190,
AT4G29220,
AT4G29400,
AT4G29610,
AT4G30150,
AT4G30190,
AT4G30530,
AT4G30650,
AT4G30720,
AT4G30825,
AT4G30990,
AT4G31120,
AT4G31140,
AT4G31210,
AT4G31250,
AT4G31351,
AT4G31820,
AT4G32060,
AT4G32150,
AT4G32200,
AT4G32240,
AT4G32340,
AT4G32460,
AT4G32520,
AT4G32670,
AT4G32840,
AT4G32910,
AT4G33030,
AT4G33110,
AT4G33170,
AT4G33300,
AT4G33400,
AT4G33467,
AT4G33490,
AT4G33495,
AT4G33500,
AT4G33510,
AT4G33666,
AT4G33950,
AT4G33980,
AT4G34250,
AT4G34260,
AT4G34350,
AT4G34580,
AT4G34588,
AT4G34590,
AT4G34720,
AT4G34881,
AT4G34900,
AT4G35030,
AT4G35050,
AT4G35090,
AT4G35130,
AT4G35250,
AT4G35260,
AT4G35310,
AT4G35630,
AT4G35830,
AT4G35850,
AT4G35860,
AT4G36090,
AT4G36220,
AT4G36360,
AT4G36410,
AT4G36420,
AT4G36440,
AT4G36670,
AT4G36850,
AT4G36870,
AT4G37180,
AT4G37210,
AT4G37260,
AT4G37380,
AT4G37410,
AT4G37470,
AT4G37510,
AT4G37550,
AT4G37640,
AT4G37750,
AT4G37910,
AT4G37925,
AT4G37980,
AT4G38010,
AT4G38020,
AT4G38130,
AT4G38250,
AT4G38580,
AT4G38620,
AT4G38740,
AT4G38770,
AT4G38950,
AT4G39040,
AT4G39090,
AT4G39470,
AT4G39800,
AT4G39940,
AT4G39960,
AT4G39970,
AT4G39980,
AT4G40060,
AT5G01520,
AT5G01810,
AT5G01820,
AT5G01920,
AT5G02050,
AT5G02160,
AT5G02230,
AT5G02260,
AT5G02380,
AT5G02450,
AT5G02490,
AT5G02500,
AT5G02790,
AT5G02810,
AT5G02820,
AT5G02890,
AT5G03230,
AT5G03350,
AT5G03650,
AT5G03720,
AT5G03800,
AT5G03910,
AT5G04130,
AT5G04140,
AT5G04220,
AT5G04360,
AT5G04490,
AT5G04510,
AT5G04950,
AT5G05200,
AT5G05270,
AT5G05560,
AT5G05600,
AT5G05730,
AT5G06130,
AT5G06290,
AT5G06340,
AT5G06530,
AT5G07290,
AT5G07810,
AT5G07860,
AT5G08030,
AT5G08050,
AT5G08400,
AT5G08520,
AT5G08600,
AT5G08610,
AT5G08650,
AT5G08740,
AT5G09220,
AT5G09590,
AT5G09840,
AT5G10100,
AT5G10170,
AT5G10550,
AT5G10690,
AT5G10760,
AT5G10960,
AT5G10980,
AT5G11060,
AT5G11150,
AT5G11330,
AT5G11340,
AT5G11420,
AT5G11580,
AT5G11670,
AT5G11700,
AT5G11710,
AT5G11740,
AT5G12110,
AT5G12150,
AT5G12470,
AT5G12860,
AT5G13180,
AT5G13270,
AT5G13370,
AT5G13400,
AT5G13420,
AT5G13490,
AT5G13630,
AT5G13650,
AT5G13690,
AT5G13730,
AT5G13930,
AT5G13960,
AT5G14060,
AT5G14210,
AT5G14370,
AT5G14420,
AT5G14450,
AT5G14580,
AT5G14610,
AT5G14640,
AT5G14740,
AT5G14800,
AT5G14840,
AT5G14920,
AT5G14940,
AT5G15022,
AT5G15050,
AT5G15210,
AT5G15340,
AT5G15430,
AT5G15450,
AT5G15490,
AT5G15550,
AT5G15650,
AT5G15700,
AT5G15780,
AT5G15840,
AT5G15910,
AT5G15930,
AT5G15960,
AT5G15970,
AT5G16030,
AT5G16130,
AT5G16150,
AT5G16240,
AT5G16370,
AT5G16620,
AT5G16660,
AT5G16930,
AT5G17190,
AT5G17220,
AT5G17240,
AT5G17270,
AT5G17550,
AT5G17600,
AT5G17780,
AT5G18100,
AT5G18430,
AT5G18600,
AT5G18630,
AT5G18660,
AT5G18790,
AT5G18820,
AT5G19020,
AT5G19110,
AT5G19140,
AT5G19180,
AT5G19190,
AT5G19210,
AT5G19220,
AT5G19250,
AT5G19260,
AT5G19460,
AT5G19500,
AT5G19530,
AT5G19860,
AT5G19900,
AT5G20020,
AT5G20040,
AT5G20250,
AT5G20280,
AT5G20380,
AT5G20480,
AT5G20700,
AT5G20960,
AT5G21100,
AT5G21105,
AT5G21920,
AT5G21930,
AT5G22310,
AT5G22360,
AT5G22640,
AT5G22650,
AT5G22800,
AT5G23020,
AT5G23050,
AT5G23120,
AT5G23240,
AT5G23300,
AT5G23310,
AT5G23400,
AT5G23575,
AT5G23860,
AT5G23890,
AT5G23920,
AT5G23940,
AT5G24060,
AT5G24150,
AT5G24155,
AT5G24160,
AT5G24470,
AT5G24570,
AT5G24770,
AT5G24780,
AT5G24850,
AT5G24930,
AT5G24970,
AT5G24990,
AT5G25110,
AT5G25120,
AT5G25130,
AT5G25350,
AT5G25460,
AT5G25500,
AT5G25510,
AT5G25900,
AT5G25980,
AT5G26000,
AT5G26220,
AT5G26360,
AT5G26570,
AT5G26751,
AT5G26780,
AT5G26800,
AT5G26860,
AT5G27110,
AT5G27395,
AT5G27400,
AT5G27600,
AT5G27670,
AT5G27760,
AT5G27770,
AT5G27920,
AT5G28060,
AT5G28290,
AT5G28460,
AT5G28500,
AT5G28540,
AT5G28840,
AT5G28910,
AT5G28913,
AT5G28919,
AT5G33370,
AT5G34850,
AT5G35180,
AT5G35220,
AT5G35460,
AT5G35530,
AT5G35560,
AT5G35735,
AT5G35790,
AT5G35970,
AT5G36002,
AT5G36170,
AT5G36880,
AT5G36910,
AT5G37130,
AT5G37300,
AT5G37310,
AT5G37830,
AT5G38290,
AT5G38410,
AT5G38420,
AT5G38430,
AT5G38480,
AT5G38520,
AT5G38890,
AT5G38940,
AT5G38980,
AT5G38990,
AT5G39040,
AT5G39240,
AT5G39590,
AT5G39600,
AT5G39610,
AT5G39790,
AT5G39840,
AT5G39850,
AT5G39940,
AT5G39980,
AT5G40390,
AT5G40450,
AT5G40480,
AT5G40720,
AT5G40770,
AT5G40950,
AT5G41060,
AT5G41080,
AT5G41180,
AT5G41700,
AT5G42020,
AT5G42150,
AT5G42420,
AT5G42800,
AT5G42850,
AT5G42900,
AT5G42980,
AT5G43250,
AT5G43330,
AT5G43400,
AT5G43630,
AT5G43750,
AT5G43920,
AT5G44005,
AT5G44050,
AT5G44110,
AT5G44130,
AT5G44340,
AT5G44530,
AT5G44578,
AT5G44580,
AT5G44590,
AT5G44730,
AT5G44780,
AT5G44785,
AT5G45140,
AT5G45280,
AT5G45350,
AT5G45430,
AT5G45470,
AT5G45480,
AT5G45490,
AT5G45500,
AT5G45510,
AT5G45650,
AT5G45800,
AT5G45820,
AT5G46220,
AT5G46250,
AT5G46270,
AT5G46290,
AT5G46330,
AT5G46420,
AT5G46490,
AT5G46580,
AT5G46600,
AT5G46800,
AT5G46920,
AT5G47110,
AT5G47240,
AT5G47250,
AT5G47330,
AT5G47435,
AT5G47880,
AT5G47910,
AT5G48030,
AT5G48180,
AT5G48220,
AT5G48250,
AT5G48470,
AT5G48490,
AT5G48570,
AT5G48900,
AT5G48960,
AT5G49110,
AT5G49170,
AT5G49360,
AT5G49410,
AT5G49460,
AT5G49525,
AT5G49630,
AT5G49740,
AT5G50200,
AT5G50280,
AT5G50800,
AT5G50840,
AT5G50950,
AT5G50970,
AT5G51010,
AT5G51440,
AT5G51460,
AT5G51540,
AT5G51720,
AT5G51830,
AT5G51890,
AT5G51970,
AT5G52040,
AT5G52100,
AT5G52190,
AT5G52310,
AT5G52580,
AT5G52640,
AT5G52780,
AT5G52850,
AT5G52882,
AT5G52970,
AT5G53170,
AT5G53300,
AT5G53400,
AT5G53560,
AT5G53570,
AT5G54145,
AT5G54170,
AT5G54190,
AT5G54250,
AT5G54270,
AT5G54510,
AT5G54580,
AT5G54770,
AT5G54800,
AT5G54900,
AT5G54910,
AT5G54940,
AT5G55050,
AT5G55180,
AT5G55260,
AT5G55280,
AT5G55450,
AT5G55530,
AT5G56010,
AT5G56100,
AT5G56140,
AT5G56280,
AT5G56320,
AT5G56350,
AT5G56360,
AT5G56850,
AT5G56890,
AT5G56940,
AT5G57110,
AT5G57123,
AT5G57190,
AT5G57230,
AT5G57630,
AT5G57660,
AT5G57760,
AT5G57800,
AT5G57850,
AT5G57940,
AT5G58070,
AT5G58120,
AT5G58260,
AT5G58310,
AT5G58600,
AT5G58710,
AT5G58770,
AT5G58900,
AT5G58950,
AT5G59080,
AT5G59250,
AT5G59330,
AT5G59430,
AT5G59440,
AT5G59480,
AT5G59570,
AT5G59613,
AT5G59910,
AT5G59920,
AT5G60040,
AT5G60120,
AT5G60600,
AT5G60780,
AT5G60890,
AT5G61270,
AT5G61290,
AT5G61350,
AT5G61370,
AT5G61410,
AT5G61455,
AT5G61520,
AT5G61580,
AT5G61790,
AT5G61800,
AT5G61810,
AT5G62140,
AT5G62280,
AT5G62300,
AT5G62370,
AT5G62470,
AT5G62630,
AT5G62650,
AT5G62700,
AT5G62730,
AT5G62890,
AT5G62900,
AT5G62990,
AT5G63160,
AT5G63420,
AT5G63840,
AT5G63990,
AT5G64030,
AT5G64050,
AT5G64330,
AT5G64460,
AT5G64510,
AT5G64650,
AT5G64670,
AT5G64710,
AT5G64840,
AT5G64860,
AT5G64940,
AT5G65060,
AT5G65220,
AT5G65260,
AT5G65310,
AT5G65380,
AT5G65490,
AT5G65630,
AT5G65750,
AT5G65940,
AT5G66052,
AT5G66090,
AT5G66190,
AT5G66240,
AT5G66530,
AT5G66590,
AT5G66631,
AT5G66800,
AT5G66860,
AT5G67030,
AT5G67150,
AT5G67290,
AT5G67300,
